Emma,7474158689,james@outlook.com
David,6677203387,emma@hotmail.com
Sophia,8358984828,alice@outlook.com
James,1041508425,michael@hotmail.com
David,0193854475,alice@yahoo.com
James,4246098853,alice@gmail.com
Emma,3287703586,michael@outlook.com
Alice,4869413144,sophia@outlook.com
Sophia,8074776353,sophia@hotmail.com
Sophia,8857364036,michael@gmail.com
Olivia,6448945397,david@outlook.com
James,6698591055,michael@hotmail.com
David,0744245544,olivia@hotmail.com
Emma,3217272312,james@gmail.com
John,6575513241,alice@hotmail.com
Olivia,0531466835,david@hotmail.com
Sophia,6915045747,alice@hotmail.com
Emma,3680853387,olivia@yahoo.com
Michael,4247396421,john@yahoo.com
James,4419225681,alice@hotmail.com
Sophia,7756395311,james@outlook.com
Alice,3676231056,sophia@gmail.com
Alice,2131618639,james@yahoo.com
Olivia,1390053658,alice@gmail.com
Emma,7785513764,james@hotmail.com
John,5091824000,david@outlook.com
Alice,8562349410,david@yahoo.com
Olivia,6125471851,john@hotmail.com
Olivia,5238546746,john@yahoo.com
Olivia,1793100661,john@outlook.com
Olivia,9611758170,alice@yahoo.com
James,4868209769,david@gmail.com
Olivia,8796916874,olivia@hotmail.com
James,1924288619,james@hotmail.com
John,1609512544,alice@hotmail.com
Sophia,5657929445,sophia@yahoo.com
Olivia,3299514725,alice@gmail.com
David,3248877910,james@gmail.com
Sophia,0208836488,john@gmail.com
David,7687453909,emma@hotmail.com
James,7402994940,james@gmail.com
Emma,9614227340,alice@gmail.com
Michael,8330605792,emma@outlook.com
Michael,1455309099,david@gmail.com
Sophia,0030010035,james@outlook.com
John,3213520092,david@yahoo.com
Sophia,6061304646,olivia@yahoo.com
James,0638773919,james@gmail.com
Sophia,6141124596,david@gmail.com
David,0824125974,james@gmail.com
Olivia,8279372401,john@outlook.com
Sophia,2510537855,david@hotmail.com
Michael,6171861754,sophia@gmail.com
David,9669510345,emma@yahoo.com
Emma,9239225887,david@outlook.com
Olivia,6300677832,james@hotmail.com
Michael,3002978701,alice@yahoo.com
Michael,0365534356,michael@outlook.com
Emma,0474632899,james@hotmail.com
Alice,2867880173,john@gmail.com
Sophia,2760686243,james@gmail.com
James,2972875489,sophia@gmail.com
Olivia,4465571474,sophia@hotmail.com
David,6633391471,emma@gmail.com
James,0856346117,john@yahoo.com
Michael,8099737306,michael@gmail.com
Emma,6585521449,michael@gmail.com
David,4800353996,john@hotmail.com
James,0716403373,john@hotmail.com
Emma,1847294745,john@gmail.com
Sophia,9663077257,david@outlook.com
Alice,8401517367,david@yahoo.com
James,6936517804,james@outlook.com
Michael,0403202328,sophia@gmail.com
Alice,6644421938,sophia@yahoo.com
James,0756888574,john@hotmail.com
David,1536216556,john@gmail.com
David,4079943474,james@hotmail.com
Sophia,8602593484,alice@gmail.com
Michael,4661165099,david@gmail.com
Emma,9494604777,david@yahoo.com
Alice,7652046812,emma@yahoo.com
James,1242552525,david@outlook.com
Olivia,6312550571,emma@hotmail.com
Alice,7442312368,olivia@yahoo.com
John,4428389564,john@hotmail.com
David,6209665735,james@outlook.com
John,9350548715,olivia@outlook.com
Emma,9942202954,michael@outlook.com
John,4210012281,john@outlook.com
Alice,5696375176,sophia@outlook.com
Emma,3423264201,james@yahoo.com
Michael,6982699989,olivia@yahoo.com
John,9413135332,david@yahoo.com
James,2663486829,sophia@yahoo.com
Olivia,0107614806,james@outlook.com
Sophia,4969593211,john@outlook.com
Olivia,7174993494,alice@gmail.com
Sophia,7591343896,sophia@outlook.com
Emma,9491255035,john@gmail.com
